Account_ID,Account_Name,Industry,Segment,Country,Created_Date
ACC0001,Heath and Sons,Telecom,Enterprise,San Marino,2025-02-20
ACC0002,Cook and Sons,Technology,SMB,Italy,2024-02-20
ACC0003,Liu-Zhang,Healthcare,Enterprise,Timor-Leste,2024-03-09
ACC0004,King-West,Manufacturing,Enterprise,Colombia,2023-12-02
ACC0005,Murphy-Williams,Telecom,Enterprise,Luxembourg,2023-11-10
ACC0006,Moreno PLC,Telecom,SMB,Chile,2026-03-31
ACC0007,Mccoy LLC,Banking,Enterprise,Cote d'Ivoire,2025-06-17
ACC0008,"Bauer, Wilson and Scott",Banking,Mid-Market,New Zealand,2024-01-24
ACC0009,Richardson-Miller,Technology,Enterprise,Holy See (Vatican City State),2025-11-14
ACC0010,Anderson and Sons,Technology,Enterprise,Saint Martin,2024-11-04
ACC0011,"Hines, Fitzgerald and Mcdonald",Manufacturing,SMB,Isle of Man,2025-11-21
ACC0012,"Mcdaniel, Parker and Watson",Banking,Enterprise,Guinea-Bissau,2024-05-13
ACC0013,Fields-Cook,Banking,Enterprise,Timor-Leste,2025-11-18
ACC0014,"Allen, Goodwin and Clark",Telecom,SMB,Reunion,2023-11-09
ACC0015,Vaughn and Sons,Telecom,SMB,India,2026-02-03
ACC0016,"Perez, Yoder and Jones",Retail,Enterprise,Madagascar,2024-12-18
ACC0017,Myers Inc,Retail,SMB,Sri Lanka,2026-04-13
ACC0018,Osborn-Martin,Healthcare,Enterprise,Togo,2023-08-24
ACC0019,"Brooks, Bell and Taylor",Manufacturing,SMB,Bolivia,2024-06-29
ACC0020,Rodriguez-Moss,Retail,Mid-Market,Dominican Republic,2026-04-18
ACC0021,"Thomas, Williams and Thomas",Healthcare,Enterprise,French Southern Territories,2023-10-05
ACC0022,"Gardner, Davis and Carlson",Manufacturing,Mid-Market,South Georgia and the South Sandwich Islands,2025-07-06
ACC0023,"Zimmerman, Fernandez and Rose",Technology,Enterprise,Chile,2023-10-17
ACC0024,Wood PLC,Retail,Enterprise,Iraq,2026-04-30
ACC0025,Booth Ltd,Healthcare,Mid-Market,Seychelles,2023-12-26
ACC0026,Erickson-Elliott,Banking,Mid-Market,Libyan Arab Jamahiriya,2024-10-08
ACC0027,Best Group,Technology,SMB,Christmas Island,2025-07-20
ACC0028,"Villanueva, Moran and Long",Retail,SMB,British Indian Ocean Territory (Chagos Archipelago),2023-12-03
ACC0029,Ball Group,Technology,Mid-Market,Sierra Leone,2025-02-23
ACC0030,Lee Inc,Technology,SMB,Lesotho,2023-08-01
ACC0031,Bryan Ltd,Healthcare,SMB,Chad,2026-02-14
ACC0032,Parsons Ltd,Banking,Mid-Market,Isle of Man,2025-08-11
ACC0033,French-Leonard,Banking,Enterprise,Argentina,2023-07-29
ACC0034,Garza-Compton,Telecom,Enterprise,Reunion,2025-10-28
ACC0035,Allen-Johnson,Technology,SMB,Uganda,2024-09-15
ACC0036,Brown PLC,Manufacturing,Mid-Market,Syrian Arab Republic,2026-02-19
ACC0037,Vaughan-Hoffman,Technology,Enterprise,Brunei Darussalam,2025-02-22
ACC0038,Banks-Rodriguez,Technology,Mid-Market,Benin,2024-01-06
ACC0039,Charles-Robinson,Healthcare,Mid-Market,Armenia,2024-04-27
ACC0040,Gonzales-Parks,Telecom,Mid-Market,Falkland Islands (Malvinas),2024-08-17
ACC0041,Duncan Inc,Manufacturing,Mid-Market,Svalbard & Jan Mayen Islands,2023-07-23
ACC0042,"Coleman, White and Gray",Healthcare,Enterprise,Mauritania,2024-03-26
ACC0043,Mendoza-Saunders,Telecom,Mid-Market,Equatorial Guinea,2023-07-03
ACC0044,"Flores, Smith and Schultz",Telecom,SMB,Mozambique,2024-07-11
ACC0045,Jacobson-Hill,Telecom,Enterprise,Spain,2024-03-03
ACC0046,Heath-Waters,Banking,SMB,Lebanon,2025-06-29
ACC0047,Cooper LLC,Manufacturing,SMB,Comoros,2023-08-06
ACC0048,Rubio-Knight,Telecom,Enterprise,Micronesia,2026-01-17
ACC0049,"Jackson, Wallace and Reed",Manufacturing,Mid-Market,Albania,2024-05-24
ACC0050,Munoz-Stephens,Retail,Mid-Market,South Africa,2023-10-31
ACC0051,"White, Fowler and Bishop",Telecom,SMB,Tunisia,2025-11-10
ACC0052,Rios-Wiggins,Banking,Enterprise,Senegal,2025-07-04
ACC0053,"Hill, Golden and Carlson",Telecom,Mid-Market,Tonga,2023-12-19
ACC0054,"Singh, Webster and Benitez",Technology,Enterprise,Heard Island and McDonald Islands,2024-01-27
ACC0055,Diaz-Thompson,Technology,Mid-Market,Gambia,2024-12-05
ACC0056,Martinez Group,Retail,Mid-Market,Guinea,2026-01-12
ACC0057,"Ramirez, Chavez and Kemp",Technology,Enterprise,Bahrain,2023-12-14
ACC0058,Carrillo and Sons,Banking,SMB,Heard Island and McDonald Islands,2025-05-11
ACC0059,Logan-Cook,Healthcare,Enterprise,Netherlands,2025-07-15
ACC0060,Dawson-Caldwell,Telecom,Mid-Market,Micronesia,2024-08-29
ACC0061,Schwartz and Sons,Retail,SMB,Palestinian Territory,2024-11-25
ACC0062,Patton-Riley,Retail,Enterprise,Saint Helena,2024-08-26
ACC0063,Jennings-Wilson,Healthcare,Enterprise,Reunion,2024-12-16
ACC0064,Richards-Torres,Manufacturing,SMB,Colombia,2025-10-31
ACC0065,Mendoza-Montgomery,Banking,SMB,Palau,2024-04-30
ACC0066,Armstrong PLC,Healthcare,SMB,United States of America,2024-06-22
ACC0067,"Robles, Jones and Newman",Banking,Mid-Market,Monaco,2024-08-29
ACC0068,Horton Inc,Banking,Mid-Market,Libyan Arab Jamahiriya,2026-04-16
ACC0069,Johnson-Murray,Healthcare,Enterprise,Cocos (Keeling) Islands,2026-02-08
ACC0070,Scott-Stevens,Manufacturing,SMB,Guinea,2025-08-31
ACC0071,"Hernandez, Whitaker and Gray",Retail,Enterprise,Madagascar,2023-12-28
ACC0072,"Foster, Dean and Ramos",Technology,Enterprise,Ecuador,2024-05-18
ACC0073,"Smith, Lewis and Meza",Manufacturing,SMB,Cook Islands,2025-12-14
ACC0074,Salas Inc,Manufacturing,SMB,Paraguay,2023-12-04
ACC0075,Garrett-Wilson,Retail,SMB,Panama,2024-05-05
ACC0076,"Turner, Cordova and King",Technology,Mid-Market,Bermuda,2026-05-25
ACC0077,Morris-Baxter,Retail,SMB,Jersey,2024-10-16
ACC0078,Williams-Young,Retail,SMB,Bermuda,2024-07-01
ACC0079,"Stephens, Brown and Thompson",Healthcare,SMB,South Africa,2023-11-10
ACC0080,Monroe and Sons,Technology,SMB,Martinique,2023-11-15
ACC0081,Harris LLC,Telecom,Enterprise,Russian Federation,2026-02-23
ACC0082,Lee-Wallace,Telecom,SMB,Japan,2023-10-08
ACC0083,Rodriguez LLC,Healthcare,SMB,Heard Island and McDonald Islands,2026-06-06
ACC0084,Martin-White,Healthcare,Enterprise,Antigua and Barbuda,2023-08-05
ACC0085,Smith PLC,Healthcare,Mid-Market,Uzbekistan,2025-11-22
ACC0086,Henderson Ltd,Manufacturing,Mid-Market,Western Sahara,2023-10-17
ACC0087,"Becker, Hendrix and Wolfe",Technology,SMB,Norway,2023-09-01
ACC0088,Hebert Inc,Telecom,Mid-Market,Puerto Rico,2024-01-08
ACC0089,"Monroe, Atkins and Jones",Banking,Enterprise,Seychelles,2026-02-24
ACC0090,Barrera-Martin,Banking,Enterprise,Saint Lucia,2024-01-19
ACC0091,Johnson-Reyes,Telecom,Mid-Market,Puerto Rico,2025-03-08
ACC0092,Foster-Harrell,Telecom,SMB,Kuwait,2026-05-10
ACC0093,Shepherd PLC,Banking,Enterprise,Gambia,2023-08-10
ACC0094,"Jenkins, Myers and Cook",Manufacturing,Mid-Market,Dominican Republic,2024-11-25
ACC0095,"Wiggins, Robinson and Edwards",Manufacturing,SMB,Honduras,2024-04-15
ACC0096,Garcia-Rodriguez,Banking,Enterprise,Nigeria,2025-11-20
ACC0097,"Hicks, Randolph and Singleton",Banking,Mid-Market,Bouvet Island (Bouvetoya),2024-11-27
ACC0098,Elliott-Taylor,Retail,Enterprise,Saint Vincent and the Grenadines,2023-11-24
ACC0099,"King, Greene and Cohen",Technology,Mid-Market,Pitcairn Islands,2025-06-19
ACC0100,Ramirez-Reynolds,Healthcare,Enterprise,New Caledonia,2025-04-08
ACC0101,"Martin, Black and Moore",Technology,Enterprise,Ghana,2025-01-25
ACC0102,Henderson-Finley,Banking,Enterprise,Czech Republic,2025-07-23
ACC0103,Guerrero-Sanders,Technology,SMB,Netherlands Antilles,2025-10-18
ACC0104,Thomas-Thomas,Retail,Enterprise,Nepal,2023-12-02
ACC0105,Compton-Hernandez,Banking,Enterprise,Pitcairn Islands,2023-09-16
ACC0106,Hunter-Valentine,Manufacturing,SMB,Congo,2025-03-06
ACC0107,"Brooks, Benton and Martin",Retail,SMB,Zambia,2024-10-31
ACC0108,Landry and Sons,Manufacturing,Mid-Market,Tajikistan,2024-01-03
ACC0109,King-Flores,Banking,SMB,Sweden,2025-06-19
ACC0110,"Lee, Young and Wright",Retail,Enterprise,Kiribati,2025-06-28
ACC0111,"Zamora, Sanchez and Jenkins",Banking,SMB,Yemen,2024-09-04
ACC0112,"Wong, Brown and Lee",Telecom,Enterprise,French Southern Territories,2024-07-20
ACC0113,Martin Ltd,Telecom,Mid-Market,Moldova,2025-05-17
ACC0114,Schultz and Sons,Retail,SMB,Cyprus,2024-12-31
ACC0115,Webb and Sons,Telecom,Mid-Market,Burkina Faso,2026-02-12
ACC0116,Martinez-Sellers,Retail,SMB,Cuba,2023-10-07
ACC0117,Carney Group,Retail,Enterprise,Timor-Leste,2026-01-15
ACC0118,"Carson, Haynes and Brooks",Manufacturing,Enterprise,Burkina Faso,2023-07-15
ACC0119,Gray-Davis,Technology,Mid-Market,New Caledonia,2025-05-10
ACC0120,Hernandez and Sons,Technology,SMB,Montserrat,2024-02-26
ACC0121,Lewis and Sons,Banking,Enterprise,Portugal,2024-08-16
ACC0122,Ward Inc,Banking,Enterprise,Turkmenistan,2023-08-26
ACC0123,"Johnston, Gray and Oconnor",Technology,Enterprise,Mali,2025-02-24
ACC0124,Hernandez PLC,Telecom,SMB,Montserrat,2026-03-18
ACC0125,Farmer-Fernandez,Technology,Enterprise,Gabon,2025-07-15
ACC0126,"Myers, Mcintyre and Estes",Technology,Enterprise,Myanmar,2025-03-13
ACC0127,"Brown, Franklin and Reyes",Healthcare,Enterprise,Nicaragua,2024-12-26
ACC0128,Mcpherson-Warren,Banking,Enterprise,Burundi,2025-07-25
ACC0129,Kelley Group,Healthcare,SMB,Lesotho,2025-12-11
ACC0130,West Inc,Retail,Enterprise,Slovenia,2026-06-19
ACC0131,"Peck, Adkins and Swanson",Banking,Enterprise,Iceland,2024-08-26
ACC0132,"Williamson, Obrien and King",Telecom,SMB,Mauritania,2025-07-24
ACC0133,Miller Ltd,Banking,Mid-Market,Armenia,2024-10-11
ACC0134,Roberts LLC,Manufacturing,Mid-Market,Swaziland,2025-12-21
ACC0135,"Jones, Shaw and Reyes",Retail,Enterprise,Mauritius,2025-08-28
ACC0136,"Leon, White and Bender",Technology,Enterprise,China,2024-02-08
ACC0137,Webb-Brown,Telecom,Mid-Market,Guam,2025-12-10
ACC0138,"Sanders, Brock and Foster",Healthcare,Mid-Market,Antigua and Barbuda,2025-08-30
ACC0139,Ortega Group,Retail,Mid-Market,Uzbekistan,2024-10-24
ACC0140,"Watson, Carr and Ray",Telecom,Enterprise,Dominica,2026-04-03
ACC0141,Fleming-Smith,Telecom,SMB,Isle of Man,2025-01-22
ACC0142,Peters PLC,Telecom,Enterprise,Barbados,2024-06-02
ACC0143,"Henderson, Reid and Gibson",Technology,Mid-Market,Macao,2024-05-06
ACC0144,Griffin-Jones,Telecom,Mid-Market,Faroe Islands,2024-03-19
ACC0145,Walters Group,Technology,Enterprise,Seychelles,2026-04-30
ACC0146,Allen-Williams,Manufacturing,Enterprise,Bhutan,2025-07-14
ACC0147,Smith and Sons,Banking,Mid-Market,Venezuela,2024-05-07
ACC0148,"Hamilton, Howard and Price",Manufacturing,Mid-Market,Cambodia,2026-03-29
ACC0149,Frazier LLC,Manufacturing,Mid-Market,Bermuda,2025-08-05
ACC0150,Coleman and Sons,Retail,Enterprise,Malta,2025-11-13
ACC0151,"Jordan, Mclaughlin and Cook",Technology,Mid-Market,Vanuatu,2024-10-13
ACC0152,"Adams, Nelson and Weaver",Banking,Enterprise,Qatar,2025-08-02
ACC0153,Harris-Martin,Technology,SMB,Gabon,2023-08-01
ACC0154,"Williams, Kennedy and Jackson",Banking,Enterprise,Turkey,2025-03-07
ACC0155,Harper-Nguyen,Technology,Enterprise,Northern Mariana Islands,2023-09-15
ACC0156,Dyer PLC,Manufacturing,Mid-Market,Sao Tome and Principe,2024-11-20
ACC0157,Ortiz Group,Retail,Mid-Market,Mauritius,2025-08-04
ACC0158,"Williamson, Bell and Hernandez",Manufacturing,Mid-Market,Belgium,2025-01-05
ACC0159,Hernandez-Kim,Technology,Enterprise,Brazil,2024-09-13
ACC0160,"Holland, Smith and Montgomery",Retail,Enterprise,Venezuela,2024-05-16
ACC0161,Williams and Sons,Retail,Mid-Market,Guyana,2025-01-11
ACC0162,Ferrell-Wilson,Retail,Mid-Market,United States Minor Outlying Islands,2025-02-03
ACC0163,Anderson PLC,Retail,SMB,Kazakhstan,2026-04-05
ACC0164,"Stevens, Gomez and Jennings",Telecom,SMB,Iran,2024-10-28
ACC0165,Summers PLC,Telecom,SMB,French Guiana,2024-05-21
ACC0166,Miller Ltd,Retail,Enterprise,Japan,2026-02-03
ACC0167,Hernandez and Sons,Manufacturing,Mid-Market,Ethiopia,2023-09-16
ACC0168,Rivera Inc,Manufacturing,Enterprise,Uruguay,2025-11-13
ACC0169,Long-Holt,Banking,SMB,Cambodia,2025-09-19
ACC0170,Rivera-Watts,Banking,Enterprise,Tonga,2023-12-10
ACC0171,"Bowman, Kirby and Mcclain",Telecom,Mid-Market,China,2026-01-06
ACC0172,Mcdonald-Moses,Technology,Enterprise,United States Virgin Islands,2026-03-09
ACC0173,Moyer Group,Banking,Mid-Market,Tajikistan,2026-04-26
ACC0174,Parrish-Smith,Banking,SMB,Netherlands Antilles,2025-08-12
ACC0175,Berg Ltd,Manufacturing,Enterprise,Mali,2024-03-15
ACC0176,Chase-Pineda,Banking,Enterprise,Maldives,2023-08-11
ACC0177,Alvarez Inc,Manufacturing,Enterprise,Anguilla,2025-07-23
ACC0178,French-Harvey,Banking,Enterprise,Chad,2025-11-18
ACC0179,Barnes and Sons,Telecom,Enterprise,Burundi,2024-02-10
ACC0180,Ford LLC,Retail,Enterprise,Burundi,2024-07-01
ACC0181,Pierce-Butler,Banking,Enterprise,Jordan,2023-12-02
ACC0182,Kerr-Carlson,Banking,SMB,Liberia,2024-09-15
ACC0183,Robbins Ltd,Technology,SMB,Puerto Rico,2024-09-09
ACC0184,"Oliver, Cook and Morgan",Technology,Mid-Market,Antarctica (the territory South of 60 deg S),2026-03-30
ACC0185,Curtis PLC,Telecom,SMB,British Virgin Islands,2025-04-28
ACC0186,Miller and Sons,Banking,SMB,Tajikistan,2025-12-13
ACC0187,Chan-Rodriguez,Healthcare,Mid-Market,Djibouti,2025-02-13
ACC0188,Howe-Murphy,Manufacturing,SMB,Tanzania,2024-09-22
ACC0189,Diaz-Hudson,Telecom,Mid-Market,Samoa,2024-11-17
ACC0190,Faulkner LLC,Manufacturing,Mid-Market,Pakistan,2025-06-01
ACC0191,"Ortiz, Cochran and Rodriguez",Retail,Enterprise,Egypt,2023-12-17
ACC0192,"Arnold, Stout and Dalton",Telecom,SMB,Pakistan,2025-06-15
ACC0193,"Beck, Meyer and Stout",Healthcare,Mid-Market,Nepal,2026-04-09
ACC0194,Walker-Ramirez,Healthcare,Enterprise,Puerto Rico,2024-11-21
ACC0195,Smith-Gomez,Technology,Mid-Market,San Marino,2025-02-27
ACC0196,Ryan and Sons,Banking,SMB,Saint Kitts and Nevis,2023-07-07
ACC0197,Aguilar-King,Technology,Enterprise,Philippines,2026-01-09
ACC0198,"Boyle, Smith and Mendez",Banking,Enterprise,Guam,2024-07-18
ACC0199,"Bowman, Brock and Alexander",Banking,Mid-Market,Switzerland,2025-06-26
ACC0200,Campbell-Bishop,Manufacturing,Mid-Market,Argentina,2023-10-12
ACC0201,Banks Group,Technology,Enterprise,Guadeloupe,2023-12-01
ACC0202,"Smith, Vincent and Cook",Healthcare,Mid-Market,Somalia,2024-07-08
ACC0203,Coleman PLC,Manufacturing,Mid-Market,Burkina Faso,2024-07-06
ACC0204,Mata-Whitaker,Banking,SMB,Saint Barthelemy,2023-10-26
ACC0205,Cole-Owens,Healthcare,SMB,Tunisia,2023-07-16
ACC0206,Fields Ltd,Telecom,SMB,American Samoa,2023-09-26
ACC0207,Hernandez Group,Technology,SMB,Senegal,2023-07-04
ACC0208,Zavala and Sons,Banking,Mid-Market,Mexico,2024-10-13
ACC0209,"Sanchez, Martin and Dean",Telecom,Enterprise,Mozambique,2024-10-01
ACC0210,Cain Ltd,Manufacturing,Mid-Market,Czech Republic,2025-10-17
ACC0211,"Flores, Ortega and Giles",Technology,Enterprise,Azerbaijan,2025-03-22
ACC0212,Chavez Group,Telecom,SMB,Guernsey,2024-12-05
ACC0213,Nunez LLC,Manufacturing,Mid-Market,Costa Rica,2026-06-07
ACC0214,Brown-Hendricks,Healthcare,SMB,Panama,2025-01-15
ACC0215,Carroll-Bean,Manufacturing,SMB,Lebanon,2026-01-20
ACC0216,Larson LLC,Healthcare,Enterprise,Saint Helena,2024-09-27
ACC0217,Silva Ltd,Telecom,SMB,Portugal,2023-07-09
ACC0218,Small PLC,Healthcare,SMB,Guinea,2023-11-06
ACC0219,Delgado LLC,Retail,Mid-Market,Niue,2026-05-12
ACC0220,Hines-Lewis,Technology,Enterprise,San Marino,2024-03-11
ACC0221,Shelton-Hill,Telecom,Mid-Market,Brunei Darussalam,2026-03-13
ACC0222,"Sanchez, Harmon and Davis",Healthcare,Enterprise,Solomon Islands,2025-08-02
ACC0223,"Williams, Sullivan and Ward",Technology,Mid-Market,Slovakia (Slovak Republic),2024-03-23
ACC0224,Sexton-Anderson,Manufacturing,SMB,Belarus,2025-03-23
ACC0225,Herrera-Keller,Healthcare,Enterprise,Qatar,2024-03-13
ACC0226,Nunez Group,Telecom,Mid-Market,Poland,2025-01-28
ACC0227,"Butler, Gentry and Hardy",Banking,SMB,United Kingdom,2025-06-24
ACC0228,Cortez LLC,Retail,SMB,Brazil,2024-11-16
ACC0229,Vazquez and Sons,Technology,Enterprise,Costa Rica,2024-04-30
ACC0230,Barnett-Green,Technology,SMB,Turkmenistan,2024-05-07
ACC0231,Greene Inc,Manufacturing,SMB,Bulgaria,2025-01-05
ACC0232,"Brown, Allen and Crawford",Technology,Mid-Market,Congo,2025-11-01
ACC0233,"Berg, Martin and Davidson",Banking,SMB,Ethiopia,2025-03-09
ACC0234,Ellis-Cox,Manufacturing,Mid-Market,Greenland,2025-07-09
ACC0235,Whitney Ltd,Manufacturing,Enterprise,Tuvalu,2025-05-15
ACC0236,"Perez, Huerta and Riley",Healthcare,Mid-Market,Belarus,2023-12-17
ACC0237,Waters Inc,Technology,Mid-Market,Austria,2024-04-22
ACC0238,Young-Bean,Manufacturing,SMB,Mauritania,2026-04-10
ACC0239,Wells-Wilson,Manufacturing,SMB,Venezuela,2025-01-15
ACC0240,Arnold-Russell,Technology,Mid-Market,Liberia,2025-12-28
ACC0241,Thompson Ltd,Banking,Mid-Market,Guatemala,2024-10-02
ACC0242,Singleton-Thompson,Banking,SMB,Suriname,2025-10-05
ACC0243,Adams-Rivera,Manufacturing,Enterprise,Turkey,2024-09-01
ACC0244,Rogers-Flores,Manufacturing,Enterprise,Cambodia,2026-01-18
ACC0245,Carr-Howard,Retail,Enterprise,Central African Republic,2025-06-28
ACC0246,Johnson-Russell,Manufacturing,SMB,Luxembourg,2025-12-09
ACC0247,"Gonzalez, Allen and Cervantes",Healthcare,Mid-Market,Guyana,2023-08-12
ACC0248,Lee PLC,Telecom,SMB,Tokelau,2023-09-12
ACC0249,"James, Sims and Cook",Manufacturing,Mid-Market,Equatorial Guinea,2023-12-14
ACC0250,Lewis-Kelly,Manufacturing,SMB,French Polynesia,2023-12-13
ACC0251,"Page, Wiley and Martin",Technology,Mid-Market,Martinique,2025-08-23
ACC0252,Knox-Lynch,Technology,Mid-Market,Japan,2025-05-06
ACC0253,"Baker, Smith and Cunningham",Manufacturing,Enterprise,Netherlands Antilles,2025-12-02
ACC0254,Jennings Ltd,Retail,Mid-Market,Holy See (Vatican City State),2024-09-30
ACC0255,Rivera PLC,Healthcare,Enterprise,South Georgia and the South Sandwich Islands,2025-12-10
ACC0256,"Perry, Wise and Smith",Manufacturing,Enterprise,Guam,2024-05-11
ACC0257,Baker Ltd,Telecom,Enterprise,Bahrain,2024-07-14
ACC0258,Burke Inc,Retail,Mid-Market,Madagascar,2023-09-11
ACC0259,Sandoval PLC,Healthcare,Enterprise,Estonia,2024-12-22
ACC0260,"Roman, Le and Owens",Healthcare,Mid-Market,Djibouti,2024-07-18
ACC0261,"Garrett, Murphy and Huerta",Telecom,SMB,Bolivia,2024-01-18
ACC0262,Richard PLC,Retail,SMB,Palestinian Territory,2025-01-07
ACC0263,Carpenter PLC,Banking,Mid-Market,Guernsey,2024-10-14
ACC0264,Garcia-Gonzalez,Technology,Enterprise,Pitcairn Islands,2026-02-01
ACC0265,Wade-Montoya,Healthcare,Enterprise,Iceland,2024-10-01
ACC0266,Owens-White,Banking,Mid-Market,Dominican Republic,2024-01-26
ACC0267,Zavala-Randall,Technology,Enterprise,Estonia,2024-12-11
ACC0268,Duran Inc,Banking,Mid-Market,Netherlands Antilles,2024-04-01
ACC0269,"Sloan, Garcia and Perez",Healthcare,SMB,Cayman Islands,2026-05-31
ACC0270,"Elliott, Jones and Rowland",Healthcare,Mid-Market,Chad,2024-02-13
ACC0271,"Atkinson, Hall and Cook",Banking,SMB,Greece,2024-01-03
ACC0272,Collins-Fisher,Technology,Mid-Market,Iceland,2024-09-14
ACC0273,"Roberts, Thomas and Parks",Banking,Enterprise,Australia,2026-04-24
ACC0274,Rodriguez-Johnson,Healthcare,Enterprise,Mali,2025-06-29
ACC0275,Ramirez-Scott,Telecom,Mid-Market,Georgia,2025-11-11
ACC0276,Green-Costa,Technology,SMB,Nepal,2024-04-24
ACC0277,"Coffey, Brooks and Smith",Banking,SMB,Chad,2026-02-12
ACC0278,"Smith, Washington and Barnes",Telecom,SMB,Algeria,2026-04-23
ACC0279,"Bryant, Velasquez and Rubio",Telecom,SMB,Congo,2024-08-31
ACC0280,"Bryant, Howard and Henderson",Manufacturing,Mid-Market,Slovenia,2024-04-12
ACC0281,"Jackson, Roach and Anderson",Retail,Enterprise,Germany,2023-09-07
ACC0282,Kirk and Sons,Telecom,Mid-Market,Brazil,2023-09-08
ACC0283,"Santiago, Dunn and Johnson",Banking,Mid-Market,Gabon,2023-08-23
ACC0284,Ramos and Sons,Telecom,Enterprise,Swaziland,2024-05-01
ACC0285,Thomas Inc,Telecom,Mid-Market,Netherlands,2025-02-23
ACC0286,Sharp-Huffman,Banking,Mid-Market,Albania,2025-09-09
ACC0287,George PLC,Telecom,Mid-Market,Falkland Islands (Malvinas),2025-05-20
ACC0288,Jones Group,Healthcare,Mid-Market,El Salvador,2025-05-29
ACC0289,Chen-Ward,Telecom,Mid-Market,Guinea,2024-06-16
ACC0290,Gentry Inc,Banking,Enterprise,China,2024-10-16
ACC0291,Greer Inc,Manufacturing,Mid-Market,Jordan,2026-01-02
ACC0292,"Moore, Howard and Cox",Telecom,Mid-Market,Macao,2023-11-20
ACC0293,Johnson-Romero,Telecom,SMB,Antarctica (the territory South of 60 deg S),2024-06-14
ACC0294,Mccall-Dunn,Manufacturing,SMB,Hungary,2025-03-17
ACC0295,Smith-Clark,Banking,Mid-Market,United Kingdom,2024-01-14
ACC0296,Moore Group,Retail,SMB,Swaziland,2024-06-11
ACC0297,Conner-Greer,Technology,Mid-Market,American Samoa,2024-06-20
ACC0298,Smith-Barnes,Healthcare,Enterprise,Svalbard & Jan Mayen Islands,2023-07-21
ACC0299,Quinn Ltd,Retail,SMB,Libyan Arab Jamahiriya,2025-03-05
ACC0300,Carpenter-Thomas,Banking,SMB,Jamaica,2024-01-13
ACC0301,"Davis, Bradley and Alvarado",Healthcare,Mid-Market,Burkina Faso,2023-11-07
ACC0302,"Weber, Lowe and Chavez",Retail,Mid-Market,Nauru,2025-01-24
ACC0303,"Warner, Williams and Smith",Telecom,Enterprise,Indonesia,2025-12-14
ACC0304,"Hodge, Sanders and Clayton",Banking,Mid-Market,Malawi,2025-01-23
ACC0305,Thomas Inc,Telecom,Enterprise,Slovakia (Slovak Republic),2026-02-07
ACC0306,Roy-Page,Telecom,Enterprise,Zimbabwe,2024-11-24
ACC0307,King LLC,Healthcare,SMB,Saudi Arabia,2025-01-22
ACC0308,Jones Ltd,Telecom,SMB,Peru,2025-01-01
ACC0309,Smith LLC,Banking,Mid-Market,Svalbard & Jan Mayen Islands,2024-04-29
ACC0310,Reid-Rodgers,Technology,Enterprise,North Macedonia,2024-12-22
ACC0311,Chavez Group,Telecom,Mid-Market,Thailand,2026-01-08
ACC0312,Contreras-Oneal,Manufacturing,Enterprise,Andorra,2024-10-01
ACC0313,"Maldonado, Norton and Chen",Manufacturing,Enterprise,Cape Verde,2023-08-02
ACC0314,"Williams, Mcknight and Smith",Technology,Enterprise,Brunei Darussalam,2025-01-07
ACC0315,Morrison-Garcia,Retail,SMB,Aruba,2025-12-09
ACC0316,Mcdonald-Smith,Technology,Mid-Market,Belarus,2025-07-10
ACC0317,"White, Hanson and Guerrero",Retail,SMB,Sierra Leone,2024-07-19
ACC0318,"Russell, Cabrera and Porter",Banking,Enterprise,Kiribati,2024-07-10
ACC0319,Brown Group,Telecom,SMB,Switzerland,2023-08-05
ACC0320,"Johnson, Hamilton and Rodriguez",Retail,Mid-Market,Barbados,2026-02-18
ACC0321,Romero Group,Retail,Enterprise,Djibouti,2024-06-18
ACC0322,Johnson-Navarro,Manufacturing,SMB,Ukraine,2025-12-14
ACC0323,Mcbride-Andersen,Telecom,Enterprise,Reunion,2023-07-16
ACC0324,"Jackson, Ayala and Williams",Technology,Mid-Market,Tajikistan,2025-08-23
ACC0325,Cortez-Perez,Manufacturing,Enterprise,Dominican Republic,2025-10-20
ACC0326,Tanner-Johnson,Telecom,SMB,Paraguay,2023-07-14
ACC0327,Black-Miller,Retail,Enterprise,Greenland,2025-01-02
ACC0328,"Robinson, Perkins and Williams",Banking,Enterprise,Brunei Darussalam,2024-07-11
ACC0329,"Miller, Snyder and Newman",Technology,Mid-Market,Pitcairn Islands,2024-09-21
ACC0330,Mitchell LLC,Manufacturing,Mid-Market,Latvia,2023-11-11
ACC0331,"Roman, Ramirez and Rodgers",Telecom,SMB,Puerto Rico,2026-01-03
ACC0332,Davidson PLC,Banking,SMB,Martinique,2023-12-21
ACC0333,"Cooper, Bell and Johnston",Healthcare,Mid-Market,Kazakhstan,2024-04-29
ACC0334,"Collier, Lane and Little",Banking,SMB,South Georgia and the South Sandwich Islands,2024-11-23
ACC0335,Martinez Group,Banking,Mid-Market,Lebanon,2024-03-05
ACC0336,Preston Group,Banking,Mid-Market,Nigeria,2026-04-23
ACC0337,"Riley, Cook and Frye",Manufacturing,SMB,China,2023-11-15
ACC0338,"Silva, Garza and Mcdowell",Retail,Mid-Market,Puerto Rico,2023-06-26
ACC0339,"Patton, Dodson and Jones",Healthcare,Enterprise,Dominican Republic,2025-10-21
ACC0340,Wilson-Cole,Telecom,Mid-Market,Portugal,2023-11-22
ACC0341,"Jackson, Copeland and Andrews",Banking,Mid-Market,Comoros,2025-11-26
ACC0342,"Welch, Williams and French",Telecom,Enterprise,Botswana,2026-03-17
ACC0343,Hernandez-Brown,Healthcare,Mid-Market,Ecuador,2025-06-02
ACC0344,"Davis, Houston and Schaefer",Technology,SMB,Guernsey,2024-03-14
ACC0345,"Lambert, Johnson and Delacruz",Healthcare,Enterprise,China,2024-03-17
ACC0346,"Brooks, Kane and Ruiz",Healthcare,Mid-Market,Northern Mariana Islands,2024-09-16
ACC0347,Patterson-Galloway,Healthcare,SMB,Grenada,2025-05-30
ACC0348,Diaz Inc,Technology,Enterprise,Svalbard & Jan Mayen Islands,2024-03-26
ACC0349,Byrd-Villarreal,Manufacturing,Enterprise,United States of America,2025-12-25
ACC0350,Nelson-Holmes,Retail,SMB,Rwanda,2024-07-09
ACC0351,Williams-Powell,Manufacturing,SMB,Cayman Islands,2025-01-11
ACC0352,"Hubbard, Ball and Lynn",Manufacturing,Enterprise,Uruguay,2024-07-25
ACC0353,Keller LLC,Retail,Mid-Market,Kenya,2024-06-21
ACC0354,Williams-Wilson,Healthcare,SMB,Saudi Arabia,2023-10-11
ACC0355,Hickman and Sons,Retail,Mid-Market,Mali,2025-08-22
ACC0356,Johnson-Bridges,Technology,Enterprise,Sweden,2025-02-13
ACC0357,"Stanley, King and Jackson",Retail,Mid-Market,Zimbabwe,2023-07-21
ACC0358,"Bradley, Boyd and Boyd",Banking,SMB,Germany,2026-05-07
ACC0359,Hartman Group,Technology,SMB,Nigeria,2025-07-30
ACC0360,Barrett Inc,Retail,Mid-Market,Mozambique,2025-03-24
ACC0361,"Mathews, Watkins and Robbins",Technology,Mid-Market,Albania,2024-06-30
ACC0362,Townsend-Davila,Healthcare,Mid-Market,Cocos (Keeling) Islands,2024-04-08
ACC0363,Keller PLC,Retail,SMB,Ireland,2025-06-22
ACC0364,"Johnson, Hernandez and Henderson",Telecom,SMB,Uganda,2026-02-10
ACC0365,Mahoney and Sons,Banking,SMB,Sweden,2024-09-20
ACC0366,"Osborne, Contreras and Holmes",Manufacturing,Mid-Market,Uganda,2025-07-08
ACC0367,Harper-Bowen,Manufacturing,Mid-Market,Martinique,2026-04-19
ACC0368,Walsh Group,Retail,Mid-Market,Cote d'Ivoire,2023-09-20
ACC0369,Banks-West,Technology,Mid-Market,Tonga,2025-02-05
ACC0370,Davenport and Sons,Healthcare,SMB,Faroe Islands,2024-05-05
ACC0371,Madden Ltd,Telecom,Mid-Market,Uruguay,2026-02-14
ACC0372,Wilson Ltd,Telecom,Enterprise,Moldova,2025-11-29
ACC0373,Day-Wilson,Retail,Enterprise,Peru,2023-12-29
ACC0374,King-Wagner,Banking,SMB,Cote d'Ivoire,2025-12-13
ACC0375,"Martinez, Martinez and Price",Technology,Mid-Market,Saint Kitts and Nevis,2025-08-15
ACC0376,Sutton LLC,Banking,SMB,Cyprus,2025-11-04
ACC0377,"Powell, Walton and Martinez",Telecom,Enterprise,Bulgaria,2024-07-21
ACC0378,Edwards LLC,Technology,SMB,Saint Pierre and Miquelon,2025-01-05
ACC0379,"Black, Williamson and Wells",Retail,Enterprise,Aruba,2024-11-09
ACC0380,Henderson Ltd,Retail,Enterprise,Antigua and Barbuda,2024-07-29
ACC0381,Oconnor LLC,Technology,Mid-Market,Pitcairn Islands,2025-09-13
ACC0382,"Mitchell, Moore and Grant",Retail,Mid-Market,Belarus,2023-09-20
ACC0383,Reyes-Schmidt,Manufacturing,Mid-Market,Germany,2026-03-11
ACC0384,Yu-Clark,Healthcare,Mid-Market,Svalbard & Jan Mayen Islands,2024-01-13
ACC0385,Osborn-Cisneros,Retail,Mid-Market,Andorra,2024-05-26
ACC0386,Berger Group,Retail,Mid-Market,Korea,2023-08-20
ACC0387,Johnson-Brooks,Technology,Mid-Market,Costa Rica,2025-07-13
ACC0388,Wyatt-Murphy,Technology,SMB,Libyan Arab Jamahiriya,2025-08-07
ACC0389,"Medina, Young and Warner",Banking,Enterprise,Philippines,2024-04-12
ACC0390,"Whitehead, Walker and Eaton",Healthcare,Enterprise,Cape Verde,2026-05-16
ACC0391,"Brown, Williams and Brown",Telecom,Enterprise,Colombia,2024-12-18
ACC0392,Norris-Kennedy,Telecom,Enterprise,Belarus,2024-04-16
ACC0393,Salinas-Walker,Technology,Enterprise,Reunion,2025-01-28
ACC0394,Collins PLC,Manufacturing,Enterprise,Guadeloupe,2024-11-13
ACC0395,Gonzalez Inc,Banking,Enterprise,Nigeria,2023-07-20
ACC0396,Frost Inc,Manufacturing,Enterprise,Burundi,2024-04-27
ACC0397,Walker PLC,Retail,SMB,Tunisia,2024-08-28
ACC0398,"Greene, Andrews and Reynolds",Technology,SMB,Antigua and Barbuda,2025-08-17
ACC0399,"Jackson, Byrd and Gonzales",Manufacturing,Mid-Market,Armenia,2026-06-18
ACC0400,Adams-Long,Telecom,Mid-Market,Romania,2025-11-07
ACC0401,Gilmore LLC,Healthcare,Enterprise,Pitcairn Islands,2025-06-09
ACC0402,"Wilson, Ferguson and Arnold",Banking,SMB,Argentina,2024-08-28
ACC0403,Liu-Smith,Telecom,SMB,Papua New Guinea,2024-09-12
ACC0404,Henson-Jenkins,Technology,Enterprise,Indonesia,2025-07-15
ACC0405,Sullivan-Tanner,Healthcare,Enterprise,Lithuania,2025-09-01
ACC0406,Williams Group,Banking,Enterprise,Myanmar,2024-01-11
ACC0407,Hooper-Rice,Healthcare,SMB,Suriname,2024-03-31
ACC0408,Reynolds-Elliott,Telecom,Mid-Market,Afghanistan,2024-05-01
ACC0409,Alvarez Group,Retail,SMB,Congo,2025-07-06
ACC0410,"Lopez, Hall and Byrd",Manufacturing,Enterprise,Liberia,2025-10-27
ACC0411,"Yoder, Horne and Wong",Banking,SMB,Gibraltar,2024-12-10
ACC0412,"Rivera, Williams and Ho",Telecom,Enterprise,Gabon,2024-01-10
ACC0413,Suarez-Young,Technology,SMB,Montenegro,2025-12-10
ACC0414,"Duran, Moyer and Olson",Healthcare,SMB,Guatemala,2026-02-12
ACC0415,"Noble, Morrow and Flores",Banking,Enterprise,Croatia,2025-05-29
ACC0416,"Dyer, Moore and Melton",Banking,Enterprise,Niue,2025-07-02
ACC0417,"Reed, Fisher and Henry",Healthcare,SMB,Fiji,2024-01-27
ACC0418,Powell-Pace,Retail,SMB,Palestinian Territory,2025-03-10
ACC0419,"Abbott, Griffith and Stewart",Healthcare,Enterprise,Monaco,2025-02-07
ACC0420,Walker-Jones,Banking,SMB,Spain,2023-08-28
ACC0421,Caldwell Inc,Healthcare,Enterprise,United States Minor Outlying Islands,2026-03-16
ACC0422,Gutierrez LLC,Retail,Mid-Market,Saint Vincent and the Grenadines,2025-12-16
ACC0423,Gross PLC,Technology,Mid-Market,Denmark,2025-05-29
ACC0424,"Flores, Moore and Kirby",Healthcare,SMB,Mauritius,2026-01-09
ACC0425,"Frost, Kim and Stone",Retail,SMB,Liechtenstein,2025-01-22
ACC0426,Navarro Group,Manufacturing,Mid-Market,Lesotho,2025-11-24
ACC0427,"Solis, Young and Baker",Manufacturing,SMB,Australia,2024-05-24
ACC0428,"Nolan, Robinson and Smith",Banking,SMB,Marshall Islands,2024-01-28
ACC0429,Wells-Watson,Healthcare,SMB,Tonga,2024-02-26
ACC0430,"Beasley, Porter and Maynard",Banking,Mid-Market,United States Minor Outlying Islands,2023-07-01
ACC0431,"Anderson, Cline and Ross",Retail,Mid-Market,India,2025-05-07
ACC0432,Villegas-Lopez,Telecom,SMB,Samoa,2025-05-28
ACC0433,Larson Group,Healthcare,Mid-Market,Saint Barthelemy,2023-09-15
ACC0434,Williams-Carr,Manufacturing,Enterprise,Chile,2026-04-23
ACC0435,Maldonado Ltd,Healthcare,Mid-Market,Singapore,2024-03-09
ACC0436,Brown LLC,Manufacturing,Mid-Market,Thailand,2026-04-03
ACC0437,Griffin-Martinez,Banking,SMB,Kiribati,2023-08-05
ACC0438,"Moore, Clark and Medina",Telecom,Mid-Market,Thailand,2024-04-04
ACC0439,Austin-Patel,Healthcare,Enterprise,Seychelles,2025-05-30
ACC0440,"Hubbard, Barnes and Williams",Retail,Mid-Market,New Caledonia,2024-10-16
ACC0441,"Lynch, Perkins and Booker",Manufacturing,Mid-Market,Bulgaria,2023-07-10
ACC0442,"Bennett, Reyes and Barnes",Manufacturing,Mid-Market,Burkina Faso,2025-08-17
ACC0443,"Rogers, Jones and Webb",Healthcare,Mid-Market,Maldives,2026-04-26
ACC0444,Morrow PLC,Healthcare,SMB,Norway,2024-10-08
ACC0445,"Velasquez, Foster and Abbott",Telecom,Mid-Market,Saint Martin,2024-08-06
ACC0446,Carrillo-Stewart,Banking,Enterprise,Dominican Republic,2025-06-20
ACC0447,Gilbert-Hughes,Banking,Enterprise,Morocco,2025-05-03
ACC0448,"Smith, Smith and Rodgers",Technology,Enterprise,Tunisia,2025-08-11
ACC0449,"Johnson, Scott and Nelson",Telecom,Mid-Market,Niue,2024-04-26
ACC0450,Hernandez Ltd,Retail,SMB,British Virgin Islands,2026-01-20
ACC0451,"Harris, Shaw and Gibson",Manufacturing,SMB,Saint Vincent and the Grenadines,2026-06-03
ACC0452,Cross-Phelps,Retail,SMB,Greece,2025-01-16
ACC0453,Nunez-Miller,Telecom,Mid-Market,Saint Kitts and Nevis,2024-07-31
ACC0454,Brown-Gray,Retail,Enterprise,Zimbabwe,2026-05-06
ACC0455,Ortiz PLC,Technology,Mid-Market,Netherlands,2025-07-11
ACC0456,Serrano-Trujillo,Manufacturing,Mid-Market,Hong Kong,2025-03-13
ACC0457,Park LLC,Telecom,Enterprise,British Virgin Islands,2024-12-20
ACC0458,Hess PLC,Healthcare,SMB,Bosnia and Herzegovina,2023-11-21
ACC0459,Yang Inc,Banking,Mid-Market,Serbia,2024-06-14
ACC0460,Arellano Group,Retail,SMB,Kuwait,2025-07-17
ACC0461,Allen-Hanson,Banking,Mid-Market,Saint Helena,2023-09-13
ACC0462,Adams Group,Retail,SMB,Isle of Man,2023-11-14
ACC0463,Hughes-Moore,Banking,Mid-Market,Ireland,2026-01-29
ACC0464,Gray and Sons,Healthcare,SMB,Jersey,2024-01-28
ACC0465,Tran-Anderson,Retail,Mid-Market,Jersey,2025-01-05
ACC0466,Hoffman-Patton,Healthcare,Mid-Market,Kiribati,2026-03-30
ACC0467,Bowman-Underwood,Manufacturing,Enterprise,Bolivia,2026-05-10
ACC0468,Garza-Payne,Telecom,Enterprise,Pakistan,2023-12-08
ACC0469,"Kane, Ford and Thompson",Healthcare,Enterprise,Guinea,2024-03-06
ACC0470,Evans-Thompson,Telecom,SMB,Equatorial Guinea,2026-04-19
ACC0471,"Sullivan, Adams and Salazar",Telecom,Enterprise,Madagascar,2025-07-16
ACC0472,"Cruz, Benton and White",Manufacturing,Enterprise,Morocco,2024-11-20
ACC0473,Cuevas-Green,Telecom,Mid-Market,Central African Republic,2025-02-03
ACC0474,Miles-Moore,Healthcare,SMB,Thailand,2023-08-28
ACC0475,"Alexander, Waters and Hernandez",Banking,SMB,Guinea-Bissau,2025-06-13
ACC0476,Barber-Church,Banking,Mid-Market,Solomon Islands,2025-04-24
ACC0477,Henry Inc,Technology,Enterprise,Norway,2024-12-08
ACC0478,"Flores, Rivera and Smith",Healthcare,Enterprise,Iran,2025-04-23
ACC0479,Schultz Ltd,Healthcare,Enterprise,Uzbekistan,2023-07-18
ACC0480,"Miller, Chen and Robinson",Healthcare,Enterprise,Montserrat,2026-03-11
ACC0481,"Stewart, Hughes and Ward",Telecom,SMB,Ecuador,2023-12-01
ACC0482,Smith LLC,Manufacturing,Mid-Market,Zimbabwe,2026-04-30
ACC0483,"Rivera, Nichols and Vasquez",Technology,Enterprise,Ukraine,2025-11-13
ACC0484,Murphy-Roberts,Banking,Mid-Market,Mongolia,2026-06-18
ACC0485,Morris LLC,Telecom,Enterprise,Panama,2025-08-15
ACC0486,"Smith, Gaines and Martin",Telecom,Mid-Market,Botswana,2024-12-01
ACC0487,Bowen-Johnson,Technology,Enterprise,Micronesia,2024-10-12
ACC0488,"Hinton, Murray and Hale",Banking,Mid-Market,French Guiana,2026-04-23
ACC0489,Moore-Elliott,Retail,Mid-Market,Kenya,2025-04-14
ACC0490,Wright and Sons,Retail,Mid-Market,Faroe Islands,2025-04-16
ACC0491,Aguirre-Serrano,Manufacturing,Enterprise,Chile,2024-09-01
ACC0492,"Smith, Reynolds and Day",Healthcare,Mid-Market,Israel,2023-09-11
ACC0493,White and Sons,Technology,Enterprise,Uruguay,2025-02-28
ACC0494,"Campbell, Morgan and Fleming",Retail,Mid-Market,Niue,2024-08-11
ACC0495,Guzman PLC,Technology,SMB,Congo,2026-02-19
ACC0496,Herman-Lynch,Telecom,SMB,Pitcairn Islands,2025-05-09
ACC0497,Johnson-White,Technology,Enterprise,Belize,2024-08-07
ACC0498,Smith-Washington,Manufacturing,SMB,Austria,2023-07-31
ACC0499,Turner PLC,Healthcare,Enterprise,Hong Kong,2026-04-26
ACC0500,"Campbell, Patrick and Smith",Manufacturing,Enterprise,Cocos (Keeling) Islands,2024-12-10
ACC0501,"Richardson, Odonnell and Thompson",Banking,Mid-Market,Puerto Rico,2024-01-14
ACC0502,"Lawson, Bray and Rodriguez",Banking,SMB,Netherlands,2025-07-12
ACC0503,Anderson-Stafford,Banking,Enterprise,Kiribati,2025-02-22
ACC0504,Jones-Roberts,Banking,Mid-Market,Tajikistan,2024-10-23
ACC0505,Steele-Johnson,Retail,Mid-Market,United States Virgin Islands,2024-08-22
ACC0506,"White, Doyle and Adams",Healthcare,SMB,Rwanda,2023-08-12
ACC0507,Humphrey-Cisneros,Retail,Mid-Market,Gibraltar,2023-12-04
ACC0508,"Jones, Scott and Patterson",Banking,SMB,Spain,2025-12-23
ACC0509,Mosley-Fields,Technology,SMB,Falkland Islands (Malvinas),2026-01-11
ACC0510,Herrera Inc,Telecom,Enterprise,Zambia,2026-04-04
ACC0511,"Peterson, French and Collins",Manufacturing,SMB,Fiji,2024-05-17
ACC0512,Carrillo-Jones,Manufacturing,Mid-Market,Maldives,2024-09-14
ACC0513,"Weaver, Allen and Moore",Telecom,Enterprise,Algeria,2023-12-21
ACC0514,"Brown, Lopez and Hayden",Manufacturing,Enterprise,Guyana,2024-07-05
ACC0515,Jones-Mendez,Manufacturing,SMB,Ukraine,2026-02-06
ACC0516,Johnson Group,Technology,Enterprise,Bosnia and Herzegovina,2023-09-05
ACC0517,Browning-Le,Technology,Mid-Market,Panama,2025-02-01
ACC0518,"Gomez, Evans and Hall",Retail,SMB,Iceland,2025-08-20
ACC0519,Robbins-Hensley,Banking,Mid-Market,Singapore,2024-12-22
ACC0520,"Ford, Dawson and Fernandez",Healthcare,Enterprise,Kenya,2025-01-02
ACC0521,Day LLC,Manufacturing,Mid-Market,Austria,2023-11-06
ACC0522,Brown-Chen,Telecom,Mid-Market,Bosnia and Herzegovina,2024-11-13
ACC0523,Black Group,Telecom,Mid-Market,Saint Pierre and Miquelon,2025-05-31
ACC0524,Gomez-Steele,Technology,SMB,Cape Verde,2025-08-19
ACC0525,Rivers Group,Manufacturing,Mid-Market,Qatar,2024-03-31
ACC0526,Graves Ltd,Telecom,SMB,Ecuador,2023-10-27
ACC0527,Scott LLC,Telecom,Enterprise,Isle of Man,2024-05-12
ACC0528,Williamson-Meyer,Retail,Enterprise,Ghana,2024-10-27
ACC0529,"Duran, Miller and Rose",Banking,Enterprise,Qatar,2025-04-07
ACC0530,Stevenson-Bradley,Telecom,Enterprise,San Marino,2026-04-15
ACC0531,"Parker, Perez and Davenport",Healthcare,Enterprise,United States of America,2026-02-09
ACC0532,"Wallace, Myers and Davis",Technology,Enterprise,Norway,2025-09-13
ACC0533,"Bennett, Burgess and Williams",Manufacturing,Mid-Market,Sweden,2023-10-21
ACC0534,West-Ayers,Banking,SMB,Swaziland,2025-10-22
ACC0535,"Porter, Rhodes and Lane",Banking,Mid-Market,Tokelau,2025-07-11
ACC0536,Black-Kim,Retail,Enterprise,Greenland,2025-05-30
ACC0537,Hall Inc,Retail,SMB,Svalbard & Jan Mayen Islands,2023-08-04
ACC0538,Santana-Johnson,Healthcare,SMB,Pakistan,2024-01-07
ACC0539,Smith-Nguyen,Retail,Mid-Market,Madagascar,2025-03-06
ACC0540,"Maxwell, Roberts and Nelson",Banking,SMB,French Southern Territories,2023-07-20
ACC0541,"Kirk, Pena and Chen",Retail,Mid-Market,Lithuania,2024-02-03
ACC0542,"Hall, Smith and Davila",Technology,SMB,Mali,2023-08-29
ACC0543,Parker-Robinson,Technology,Mid-Market,Cyprus,2024-10-21
ACC0544,Mills-Wheeler,Telecom,Mid-Market,Slovenia,2024-10-29
ACC0545,Malone Group,Banking,Mid-Market,Yemen,2023-12-19
ACC0546,Heath-Blevins,Technology,Enterprise,Vanuatu,2025-06-21
ACC0547,"Thompson, Williams and Ward",Manufacturing,SMB,Turks and Caicos Islands,2024-07-02
ACC0548,"Mckenzie, Oconnell and Mcdonald",Banking,SMB,Trinidad and Tobago,2024-09-02
ACC0549,"Schultz, Smith and Williams",Technology,SMB,Moldova,2026-05-17
ACC0550,"Brown, Knight and Lewis",Healthcare,SMB,Sri Lanka,2025-03-24
ACC0551,Davis-Phillips,Technology,Enterprise,Czech Republic,2024-12-22
ACC0552,Hill-Novak,Retail,SMB,Somalia,2024-01-13
ACC0553,Rowe Group,Telecom,Mid-Market,Holy See (Vatican City State),2025-12-04
ACC0554,Wallace LLC,Healthcare,Enterprise,Kyrgyz Republic,2024-09-01
ACC0555,Schultz-Richards,Banking,Mid-Market,Belize,2026-04-03
ACC0556,Carlson-Mcgrath,Telecom,Mid-Market,Niger,2024-10-10
ACC0557,Harper PLC,Technology,Mid-Market,Burundi,2026-04-07
ACC0558,Turner-Robertson,Healthcare,Mid-Market,Montserrat,2025-12-03
ACC0559,"Castaneda, Gonzalez and Pearson",Healthcare,Mid-Market,Australia,2024-07-19
ACC0560,Crawford Ltd,Telecom,Enterprise,Iran,2025-10-15
ACC0561,Moore Inc,Manufacturing,Mid-Market,Senegal,2023-10-21
ACC0562,Miller Ltd,Retail,SMB,Syrian Arab Republic,2024-08-05
ACC0563,"Smith, Brown and Bullock",Retail,Mid-Market,Greenland,2025-04-24
ACC0564,"Hardy, Ritter and Jimenez",Telecom,Mid-Market,Nicaragua,2023-08-19
ACC0565,"Glenn, Jones and Bright",Banking,Enterprise,Georgia,2025-03-26
ACC0566,"Miller, Johnson and Williams",Retail,Enterprise,Sweden,2024-02-13
ACC0567,White PLC,Healthcare,Mid-Market,Albania,2024-09-12
ACC0568,"Bender, Santos and Barnes",Healthcare,Enterprise,Antigua and Barbuda,2024-10-12
ACC0569,Trujillo and Sons,Retail,SMB,Norway,2024-09-07
ACC0570,Murphy-Morales,Technology,SMB,Switzerland,2026-03-04
ACC0571,"Mack, Fleming and Bishop",Banking,Mid-Market,Solomon Islands,2024-01-05
ACC0572,Schneider-Wood,Retail,Enterprise,Swaziland,2025-07-26
ACC0573,"Flowers, Schultz and Mckinney",Manufacturing,SMB,Estonia,2024-07-13
ACC0574,Case LLC,Healthcare,SMB,Grenada,2024-08-27
ACC0575,"Garcia, Martinez and Mitchell",Retail,SMB,Solomon Islands,2025-01-13
ACC0576,"White, Williams and Reeves",Retail,Enterprise,Guadeloupe,2024-04-04
ACC0577,Padilla PLC,Manufacturing,Mid-Market,Pitcairn Islands,2025-08-07
ACC0578,Watson-Brown,Banking,Enterprise,Madagascar,2024-08-29
ACC0579,"Meyer, Park and Terry",Healthcare,Mid-Market,Palau,2023-06-26
ACC0580,"Clark, Pierce and Parker",Telecom,Mid-Market,Saint Lucia,2024-12-16
ACC0581,"Morales, Flores and Nicholson",Technology,Enterprise,Micronesia,2024-04-17
ACC0582,Andrews Ltd,Telecom,SMB,Uzbekistan,2024-05-28
ACC0583,Perry-Lang,Manufacturing,SMB,Serbia,2023-06-28
ACC0584,Jones and Sons,Manufacturing,Mid-Market,Panama,2025-12-29
ACC0585,Hunter-Brooks,Banking,Enterprise,Czech Republic,2024-07-20
ACC0586,Harris-Guerrero,Banking,Mid-Market,China,2024-05-03
ACC0587,Thomas-Young,Technology,Enterprise,Estonia,2024-12-02
ACC0588,"Wagner, Thomas and Guzman",Technology,Mid-Market,Austria,2025-12-04
ACC0589,"Rose, Dougherty and Randall",Technology,SMB,Nigeria,2023-09-20
ACC0590,Mason-Davidson,Manufacturing,Mid-Market,Cook Islands,2026-01-04
ACC0591,"Smith, Archer and Gonzalez",Telecom,Mid-Market,Saint Kitts and Nevis,2024-01-03
ACC0592,Hernandez LLC,Banking,SMB,Thailand,2023-12-29
ACC0593,Matthews-Rodriguez,Healthcare,Mid-Market,Armenia,2024-07-21
ACC0594,Wilson-Smith,Retail,Mid-Market,Nicaragua,2024-08-05
ACC0595,King-Davis,Manufacturing,Mid-Market,Sweden,2026-06-15
ACC0596,Moss-Williams,Banking,Enterprise,Ecuador,2026-05-15
ACC0597,Wolfe-Frazier,Retail,Enterprise,Honduras,2025-10-07
ACC0598,Hayes-Curtis,Banking,SMB,Bouvet Island (Bouvetoya),2024-06-18
ACC0599,Baker-Hayes,Telecom,Enterprise,Malta,2024-07-13
ACC0600,"Shaw, Gamble and Russell",Technology,Mid-Market,Azerbaijan,2024-05-26
ACC0601,Mcdonald-Harrell,Retail,Mid-Market,Sao Tome and Principe,2024-06-06
ACC0602,"Thornton, Valencia and Gomez",Banking,Mid-Market,Cayman Islands,2025-01-04
ACC0603,Brown-Drake,Technology,Mid-Market,Czech Republic,2023-12-14
ACC0604,Nixon and Sons,Telecom,Mid-Market,Brunei Darussalam,2025-04-21
ACC0605,Berry LLC,Banking,SMB,Lesotho,2025-09-29
ACC0606,Bean and Sons,Telecom,Mid-Market,Kazakhstan,2023-08-14
ACC0607,Lin-Robinson,Manufacturing,Mid-Market,Paraguay,2024-12-18
ACC0608,Mcmahon Inc,Banking,Mid-Market,Falkland Islands (Malvinas),2025-05-18
ACC0609,Weiss-Flores,Healthcare,Mid-Market,Uruguay,2023-08-18
ACC0610,Johnston Group,Banking,SMB,Togo,2024-04-13
ACC0611,"Vincent, Livingston and Morgan",Retail,Mid-Market,Grenada,2024-04-03
ACC0612,Mckee Group,Healthcare,Enterprise,Bhutan,2023-07-24
ACC0613,"Allen, Rocha and Cooper",Telecom,Enterprise,United Arab Emirates,2025-09-10
ACC0614,"Wilson, Davis and Cook",Banking,Mid-Market,Benin,2025-12-03
ACC0615,Steele PLC,Manufacturing,Mid-Market,Solomon Islands,2026-03-09
ACC0616,Richardson-Johnson,Technology,Mid-Market,Tokelau,2026-04-16
ACC0617,Smith-Morrison,Telecom,Mid-Market,Australia,2023-08-12
ACC0618,Martin-Parker,Telecom,Mid-Market,France,2025-08-28
ACC0619,"Cameron, George and Murphy",Retail,SMB,Slovenia,2026-01-03
ACC0620,"Harper, Wright and Reynolds",Telecom,Enterprise,Egypt,2024-04-18
ACC0621,Underwood-Mueller,Retail,Enterprise,South Georgia and the South Sandwich Islands,2026-06-10
ACC0622,Pierce-Stein,Manufacturing,SMB,Japan,2023-12-15
ACC0623,Esparza LLC,Banking,Mid-Market,Burkina Faso,2023-11-29
ACC0624,Barrera Group,Technology,Mid-Market,Guam,2023-11-28
ACC0625,Wright Inc,Technology,SMB,Uzbekistan,2026-03-01
ACC0626,"Bautista, Abbott and Warren",Retail,Enterprise,British Indian Ocean Territory (Chagos Archipelago),2023-10-26
ACC0627,Jones-Edwards,Telecom,Enterprise,Tokelau,2025-10-17
ACC0628,Bryant and Sons,Retail,SMB,Liechtenstein,2024-10-15
ACC0629,Abbott Inc,Manufacturing,Enterprise,Venezuela,2024-01-29
ACC0630,Lopez Group,Retail,Mid-Market,Sao Tome and Principe,2024-08-09
ACC0631,Duarte-Little,Healthcare,SMB,Yemen,2025-09-14
ACC0632,Gibbs-Young,Telecom,Mid-Market,Libyan Arab Jamahiriya,2025-11-19
ACC0633,"Livingston, Oconnell and Jackson",Telecom,Enterprise,Northern Mariana Islands,2025-04-03
ACC0634,Finley-Marquez,Healthcare,SMB,Austria,2024-09-17
ACC0635,Robles-Brown,Banking,Mid-Market,Seychelles,2025-05-07
ACC0636,Jones-West,Healthcare,SMB,Botswana,2024-10-21
ACC0637,Lewis and Sons,Telecom,Mid-Market,Chile,2023-07-09
ACC0638,Mcbride-Dean,Banking,Enterprise,British Indian Ocean Territory (Chagos Archipelago),2026-05-14
ACC0639,Smith Group,Banking,Enterprise,Germany,2023-10-06
ACC0640,Woodard-Hammond,Manufacturing,SMB,Dominica,2023-12-13
ACC0641,Wilson Inc,Telecom,Mid-Market,Norfolk Island,2025-07-05
ACC0642,"Fernandez, Miller and Harris",Manufacturing,SMB,Mali,2024-03-16
ACC0643,Lewis Group,Technology,Mid-Market,Kyrgyz Republic,2023-07-09
ACC0644,Garcia LLC,Technology,SMB,Iran,2025-05-02
ACC0645,Scott PLC,Telecom,Enterprise,Guernsey,2023-06-30
ACC0646,Parsons Inc,Retail,Enterprise,Faroe Islands,2024-02-10
ACC0647,Miller-Murphy,Telecom,Mid-Market,Israel,2025-03-27
ACC0648,Hinton-Webster,Technology,Enterprise,American Samoa,2025-02-19
ACC0649,"Smith, Elliott and Banks",Healthcare,Enterprise,Hong Kong,2025-02-26
ACC0650,"Butler, Pace and Harris",Healthcare,Mid-Market,United States of America,2026-04-14
ACC0651,Shaw-Miller,Healthcare,Mid-Market,Kenya,2023-11-09
ACC0652,Moore-Ramirez,Manufacturing,Enterprise,Martinique,2024-11-02
ACC0653,Davidson Group,Banking,Mid-Market,Thailand,2025-11-01
ACC0654,Nolan Ltd,Banking,SMB,Malaysia,2023-08-16
ACC0655,Becker-Bartlett,Manufacturing,Enterprise,South Georgia and the South Sandwich Islands,2025-01-26
ACC0656,Hill-West,Manufacturing,Enterprise,Dominica,2024-02-18
ACC0657,"Lewis, Wagner and Johnson",Banking,Mid-Market,Czech Republic,2024-10-12
ACC0658,Harris-Williams,Banking,SMB,Indonesia,2026-05-04
ACC0659,Knight-Santos,Manufacturing,Mid-Market,Reunion,2024-02-05
ACC0660,Mccullough-Patrick,Banking,Enterprise,Palau,2023-08-18
ACC0661,Smith and Sons,Manufacturing,Mid-Market,Guernsey,2025-08-22
ACC0662,"Rodriguez, Hicks and Fields",Telecom,Mid-Market,Russian Federation,2025-05-17
ACC0663,Maxwell-Griffin,Retail,Mid-Market,Syrian Arab Republic,2025-08-28
ACC0664,Phillips-Stanley,Telecom,Enterprise,French Southern Territories,2023-10-26
ACC0665,Faulkner-Scott,Retail,Mid-Market,Jordan,2024-09-25
ACC0666,"Fitzgerald, Fitzgerald and Brown",Telecom,SMB,Libyan Arab Jamahiriya,2026-05-27
ACC0667,"Snow, Thomas and Richard",Manufacturing,Enterprise,San Marino,2023-10-09
ACC0668,Thompson-Gutierrez,Retail,Mid-Market,Belize,2025-06-08
ACC0669,"Oconnell, Silva and Warner",Banking,Mid-Market,Cayman Islands,2025-06-08
ACC0670,"Mcclain, Warner and Burke",Telecom,Mid-Market,Liberia,2025-03-26
ACC0671,Sutton LLC,Telecom,Mid-Market,Norfolk Island,2024-12-05
ACC0672,Lopez-Hernandez,Retail,Mid-Market,Congo,2025-08-22
ACC0673,Reid Ltd,Manufacturing,Mid-Market,Guam,2025-07-13
ACC0674,"Watson, Lewis and Lozano",Retail,Enterprise,Mozambique,2025-01-18
ACC0675,Alvarado-Anderson,Manufacturing,Mid-Market,Ireland,2024-02-22
ACC0676,"Nash, Smith and Martinez",Banking,Mid-Market,Mauritania,2024-07-18
ACC0677,"Ruiz, Barnes and Reed",Banking,Mid-Market,Dominica,2025-01-29
ACC0678,Romero-Smith,Telecom,Mid-Market,Reunion,2024-08-07
ACC0679,Fowler-Lambert,Technology,SMB,Canada,2024-05-26
ACC0680,Adkins-Myers,Retail,Mid-Market,Mauritania,2023-11-13
ACC0681,"Coleman, Jimenez and Jackson",Technology,SMB,Belgium,2025-12-15
ACC0682,Taylor Ltd,Telecom,SMB,Benin,2023-09-28
ACC0683,Singleton LLC,Technology,SMB,Qatar,2023-11-29
ACC0684,Casey Group,Telecom,Mid-Market,Korea,2025-07-17
ACC0685,Blake PLC,Healthcare,Enterprise,Mali,2024-04-02
ACC0686,Cooke-Mendoza,Banking,Mid-Market,Namibia,2026-01-09
ACC0687,Wilson PLC,Manufacturing,SMB,Ethiopia,2026-04-27
ACC0688,"Foster, Smith and Deleon",Manufacturing,SMB,Greece,2025-06-01
ACC0689,"Evans, Parker and Vargas",Healthcare,SMB,Armenia,2025-02-04
ACC0690,Pacheco Group,Telecom,SMB,Belgium,2023-10-04
ACC0691,"Davis, Ford and Chung",Telecom,Enterprise,Afghanistan,2026-03-31
ACC0692,Miller Group,Telecom,Enterprise,Spain,2023-11-19
ACC0693,Santana-Hubbard,Telecom,SMB,Liechtenstein,2026-04-19
ACC0694,"Pacheco, Payne and Parsons",Technology,Mid-Market,France,2024-03-10
ACC0695,"Welch, Guzman and Mays",Retail,Enterprise,Bolivia,2024-08-04
ACC0696,"Gould, Martinez and Gutierrez",Banking,Mid-Market,Belize,2025-04-08
ACC0697,Obrien Ltd,Telecom,Enterprise,Nepal,2025-09-23
ACC0698,Daniels Inc,Technology,Mid-Market,Antarctica (the territory South of 60 deg S),2024-10-12
ACC0699,"Henderson, Patel and Wright",Healthcare,SMB,Palau,2025-02-02
ACC0700,Gibson-Hughes,Retail,Enterprise,Hungary,2025-09-05
ACC0701,Taylor-Navarro,Manufacturing,Enterprise,Lesotho,2023-07-14
ACC0702,Parker Group,Banking,Mid-Market,Mexico,2025-11-12
ACC0703,Fitzpatrick-Brewer,Banking,SMB,India,2025-04-28
ACC0704,Small-Long,Healthcare,Enterprise,Slovakia (Slovak Republic),2025-08-16
ACC0705,Young PLC,Healthcare,Mid-Market,Iraq,2026-04-20
ACC0706,Fernandez-Jones,Healthcare,SMB,Saudi Arabia,2024-08-16
ACC0707,Romero and Sons,Healthcare,Enterprise,Sweden,2024-02-21
ACC0708,"Petty, Roberts and Hill",Retail,Enterprise,Tanzania,2025-05-20
ACC0709,"Barnes, Waters and Hogan",Manufacturing,Enterprise,Uruguay,2024-03-13
ACC0710,"Leonard, Kelly and Tucker",Telecom,SMB,Malaysia,2025-04-27
ACC0711,Gonzales and Sons,Telecom,Mid-Market,Guernsey,2025-01-11
ACC0712,"Smith, Carroll and Holmes",Banking,Mid-Market,Greenland,2024-02-23
ACC0713,Murphy Group,Technology,Mid-Market,Dominican Republic,2024-05-05
ACC0714,"Alvarez, Washington and Gay",Technology,Mid-Market,Libyan Arab Jamahiriya,2024-04-03
ACC0715,Terry LLC,Banking,Enterprise,New Zealand,2025-03-30
ACC0716,Morris PLC,Retail,Mid-Market,Western Sahara,2023-11-11
ACC0717,"Smith, Adams and Elliott",Telecom,SMB,Ecuador,2023-07-27
ACC0718,Hill Group,Telecom,Mid-Market,Andorra,2023-08-05
ACC0719,Carter Inc,Banking,Mid-Market,Isle of Man,2024-12-18
ACC0720,"Holmes, Barron and Cabrera",Telecom,Mid-Market,Bahrain,2025-06-01
ACC0721,"Trujillo, Carney and Jackson",Technology,SMB,Haiti,2024-07-09
ACC0722,"Miller, Stein and Torres",Manufacturing,Mid-Market,Holy See (Vatican City State),2024-06-09
ACC0723,Adams Ltd,Technology,SMB,Bouvet Island (Bouvetoya),2026-04-27
ACC0724,Murray Inc,Banking,Mid-Market,British Indian Ocean Territory (Chagos Archipelago),2025-02-02
ACC0725,"Green, Gonzales and Bentley",Banking,Enterprise,Aruba,2023-08-30
ACC0726,"Ward, Marshall and Wagner",Telecom,Enterprise,Nigeria,2025-12-03
ACC0727,Peterson-Robinson,Telecom,Mid-Market,Slovenia,2024-08-14
ACC0728,Jacobs-Chapman,Telecom,Mid-Market,Singapore,2026-06-06
ACC0729,Huber PLC,Telecom,Mid-Market,Rwanda,2024-08-26
ACC0730,Peck LLC,Technology,Enterprise,Spain,2025-03-23
ACC0731,Page LLC,Technology,Enterprise,Cyprus,2024-12-20
ACC0732,"Powell, Barrett and Stewart",Healthcare,Mid-Market,Northern Mariana Islands,2023-09-06
ACC0733,"Martinez, Forbes and Huffman",Technology,Enterprise,Romania,2025-01-19
ACC0734,Gordon-Burns,Manufacturing,SMB,New Zealand,2024-03-24
ACC0735,Miller and Sons,Manufacturing,Mid-Market,Grenada,2026-04-03
ACC0736,"Sheppard, Yates and Wright",Retail,Mid-Market,Lesotho,2024-09-11
ACC0737,"Anderson, Davis and Stewart",Telecom,SMB,Ecuador,2023-12-25
ACC0738,Martinez-Bowman,Telecom,SMB,Slovenia,2024-05-20
ACC0739,"Long, Beck and Green",Retail,SMB,Honduras,2023-12-07
ACC0740,Weaver Group,Telecom,SMB,Algeria,2024-10-04
ACC0741,"Burke, Smith and Ingram",Manufacturing,Mid-Market,Belgium,2025-11-05
ACC0742,Flowers and Sons,Telecom,Enterprise,British Indian Ocean Territory (Chagos Archipelago),2024-04-29
ACC0743,Bradshaw-Pratt,Retail,SMB,Malaysia,2025-03-29
ACC0744,"Lee, Martinez and Cook",Retail,Mid-Market,Nicaragua,2023-12-11
ACC0745,Miller-Reed,Technology,SMB,Guinea-Bissau,2025-04-24
ACC0746,"Garcia, Mccoy and Compton",Healthcare,Enterprise,Canada,2025-04-01
ACC0747,Dennis LLC,Retail,Mid-Market,Costa Rica,2026-03-20
ACC0748,Higgins-Williams,Manufacturing,Mid-Market,Niger,2024-09-12
ACC0749,"Adams, Stanley and Walter",Technology,SMB,Panama,2024-10-18
ACC0750,Morse Ltd,Healthcare,SMB,Fiji,2024-07-04
ACC0751,Ochoa and Sons,Telecom,Mid-Market,Cyprus,2024-01-24
ACC0752,Robinson-Schmidt,Technology,Mid-Market,Sri Lanka,2026-06-10
ACC0753,Nguyen Ltd,Healthcare,Enterprise,Honduras,2025-06-30
ACC0754,Park PLC,Technology,Mid-Market,Belize,2024-12-17
ACC0755,Jackson-Thompson,Technology,SMB,Kenya,2024-08-06
ACC0756,Rogers and Sons,Manufacturing,SMB,Australia,2023-09-04
ACC0757,Nielsen-Wyatt,Telecom,SMB,Cape Verde,2023-07-23
ACC0758,"Ross, Pierce and Barker",Technology,Enterprise,Svalbard & Jan Mayen Islands,2024-05-02
ACC0759,Elliott-Cole,Healthcare,Enterprise,French Polynesia,2023-07-04
ACC0760,"Robertson, Smith and Martin",Manufacturing,SMB,Turkmenistan,2024-06-15
ACC0761,Larson Inc,Manufacturing,Enterprise,French Southern Territories,2025-10-05
ACC0762,"Manning, Harris and Bell",Banking,Enterprise,Sweden,2023-11-10
ACC0763,Skinner Group,Banking,Enterprise,Ecuador,2024-01-08
ACC0764,"Rodriguez, Russell and Lopez",Manufacturing,Mid-Market,Austria,2025-01-02
ACC0765,Watson Inc,Manufacturing,SMB,Latvia,2024-01-02
ACC0766,Rodriguez PLC,Technology,Mid-Market,Brazil,2025-07-05
ACC0767,Graham and Sons,Manufacturing,Enterprise,Benin,2025-11-02
ACC0768,"Kramer, Riley and Tucker",Banking,Mid-Market,Liberia,2024-08-30
ACC0769,"Foster, Mccall and Mclaughlin",Manufacturing,Enterprise,Nicaragua,2024-01-25
ACC0770,Davis Ltd,Telecom,Enterprise,Honduras,2024-10-04
ACC0771,Lowery and Sons,Manufacturing,Enterprise,British Virgin Islands,2024-07-26
ACC0772,Morgan-Miller,Healthcare,Enterprise,Saint Pierre and Miquelon,2025-01-07
ACC0773,Terrell Ltd,Banking,Mid-Market,United States of America,2024-05-26
ACC0774,Fitzgerald-Middleton,Technology,Enterprise,Montenegro,2025-05-15
ACC0775,"Rodriguez, Garcia and Harris",Healthcare,Enterprise,Djibouti,2026-01-14
ACC0776,Parker LLC,Manufacturing,SMB,Benin,2025-04-20
ACC0777,English-Duffy,Retail,SMB,Finland,2024-01-02
ACC0778,Hayes-Owens,Technology,SMB,Saint Martin,2025-02-15
ACC0779,Chambers-Johnson,Technology,Mid-Market,Congo,2024-12-19
ACC0780,Mcbride-Mccarty,Retail,Mid-Market,San Marino,2023-06-26
ACC0781,"Moore, Evans and Hernandez",Banking,SMB,North Macedonia,2026-06-01
ACC0782,Garcia-Davis,Technology,Mid-Market,Switzerland,2024-02-05
ACC0783,Levy-Kerr,Banking,Enterprise,Monaco,2025-09-28
ACC0784,"Moore, Martin and Bryan",Banking,Enterprise,Uzbekistan,2024-03-10
ACC0785,"Anderson, Brown and Wilson",Telecom,SMB,Lebanon,2024-08-29
ACC0786,Hendrix PLC,Banking,Mid-Market,Zambia,2023-12-25
ACC0787,"Holland, Edwards and Smith",Retail,SMB,Georgia,2024-01-26
ACC0788,Duncan-Bird,Technology,Enterprise,Cyprus,2024-10-26
ACC0789,Anderson Ltd,Retail,Mid-Market,Tonga,2026-02-28
ACC0790,Perez Ltd,Retail,SMB,Finland,2026-06-02
ACC0791,Barnes-Harrison,Technology,Mid-Market,Comoros,2025-10-24
ACC0792,Alvarado Ltd,Telecom,Mid-Market,Congo,2025-11-24
ACC0793,Daniels-Collins,Technology,Enterprise,Trinidad and Tobago,2025-12-05
ACC0794,Rodriguez Ltd,Healthcare,SMB,Chile,2023-08-29
ACC0795,Barrett Ltd,Manufacturing,Enterprise,Haiti,2023-08-07
ACC0796,Mcdonald-Davis,Manufacturing,Mid-Market,Israel,2024-01-14
ACC0797,"Bryant, Johnson and Tate",Banking,SMB,Reunion,2023-08-29
ACC0798,York PLC,Banking,SMB,Afghanistan,2025-02-21
ACC0799,Rodriguez and Sons,Telecom,Mid-Market,Austria,2024-01-22
ACC0800,Johns PLC,Retail,SMB,Venezuela,2024-10-17
ACC0801,Phillips-Ortiz,Banking,Mid-Market,Italy,2025-03-07
ACC0802,Cunningham-Wilson,Retail,SMB,Palau,2024-05-26
ACC0803,"Dunlap, Cardenas and Wright",Banking,Mid-Market,Paraguay,2024-06-07
ACC0804,"White, West and Briggs",Technology,SMB,Kazakhstan,2026-04-01
ACC0805,"Barry, Peterson and Moran",Technology,SMB,American Samoa,2023-11-28
ACC0806,"Crosby, Jones and Thompson",Telecom,SMB,Monaco,2025-10-09
ACC0807,Wilson Ltd,Telecom,Enterprise,Antarctica (the territory South of 60 deg S),2025-12-04
ACC0808,"King, Pena and Wells",Retail,Mid-Market,Ukraine,2025-06-01
ACC0809,Li-Walters,Manufacturing,Mid-Market,Tuvalu,2025-08-24
ACC0810,Sweeney and Sons,Healthcare,Mid-Market,Uganda,2026-04-15
ACC0811,Stark-Wilson,Retail,Mid-Market,Mozambique,2026-01-09
ACC0812,Hoover and Sons,Telecom,Enterprise,British Indian Ocean Territory (Chagos Archipelago),2025-10-03
ACC0813,Turner PLC,Healthcare,Mid-Market,Greenland,2024-12-14
ACC0814,"Ward, Barrett and Mcguire",Healthcare,SMB,Saint Martin,2023-08-21
ACC0815,Diaz-Evans,Healthcare,Mid-Market,Sri Lanka,2026-01-03
ACC0816,"Williams, Lucas and Le",Manufacturing,SMB,Belgium,2025-09-14
ACC0817,Kramer-Cortez,Retail,Enterprise,Martinique,2025-12-30
ACC0818,Cain-Wolfe,Technology,Enterprise,New Zealand,2026-02-03
ACC0819,"Jordan, Navarro and Gonzalez",Technology,Mid-Market,Serbia,2024-09-22
ACC0820,Wade LLC,Technology,SMB,Pitcairn Islands,2026-03-17
ACC0821,"Burns, Lynn and Freeman",Telecom,Mid-Market,Singapore,2025-12-09
ACC0822,Shepard-Mata,Manufacturing,SMB,Saint Lucia,2025-06-07
ACC0823,Wilson LLC,Technology,SMB,Monaco,2024-05-16
ACC0824,Clark Ltd,Banking,SMB,Dominica,2024-03-26
ACC0825,"Hughes, Cox and Johnson",Healthcare,SMB,Cuba,2023-08-24
ACC0826,"Gibbs, Harris and Hughes",Technology,Mid-Market,Benin,2024-10-08
ACC0827,Middleton-Patel,Healthcare,SMB,French Polynesia,2026-04-08
ACC0828,Murphy-Woods,Retail,SMB,Bouvet Island (Bouvetoya),2024-01-29
ACC0829,"Bates, Thompson and Lopez",Technology,Mid-Market,Costa Rica,2024-05-28
ACC0830,"Miller, Barnes and Sanchez",Banking,Mid-Market,Northern Mariana Islands,2024-01-04
ACC0831,"Brown, Herrera and Hess",Healthcare,Enterprise,Dominican Republic,2024-11-26
ACC0832,"Perez, Thomas and Zimmerman",Banking,SMB,French Southern Territories,2023-11-09
ACC0833,"Morgan, Clark and Robinson",Manufacturing,Enterprise,Zambia,2024-02-29
ACC0834,"Jackson, Hudson and Dunlap",Telecom,Mid-Market,Montserrat,2023-08-26
ACC0835,Ortiz-Lucas,Manufacturing,Enterprise,Monaco,2025-05-01
ACC0836,Sanders LLC,Healthcare,SMB,Chad,2023-08-01
ACC0837,"Price, Fisher and Alvarado",Healthcare,Enterprise,Sudan,2025-01-20
ACC0838,Bailey-Caldwell,Healthcare,SMB,Micronesia,2025-12-09
ACC0839,"Arnold, Glover and Stewart",Manufacturing,Mid-Market,Qatar,2023-11-18
ACC0840,Long Group,Banking,SMB,Greece,2026-02-12
ACC0841,Chung and Sons,Banking,SMB,Liechtenstein,2025-08-05
ACC0842,Arnold-Miller,Telecom,SMB,Cameroon,2024-05-04
ACC0843,"Murphy, Phillips and Fowler",Technology,SMB,Netherlands Antilles,2026-04-18
ACC0844,Mullins-Hammond,Telecom,SMB,Timor-Leste,2025-06-17
ACC0845,"Bishop, Miller and Flores",Healthcare,Enterprise,Cambodia,2024-03-29
ACC0846,"Martinez, Stafford and Espinoza",Manufacturing,Mid-Market,Mauritius,2024-10-20
ACC0847,"Wolfe, Williams and Obrien",Telecom,Mid-Market,Sweden,2023-10-06
ACC0848,Hill-Torres,Healthcare,Mid-Market,Isle of Man,2023-12-05
ACC0849,"Valdez, Flores and Nelson",Technology,Enterprise,Martinique,2024-04-19
ACC0850,King-Tyler,Manufacturing,SMB,Iraq,2025-07-30
ACC0851,Dunn Group,Telecom,Mid-Market,Finland,2025-02-27
ACC0852,"Thomas, Taylor and Frazier",Technology,Enterprise,Cocos (Keeling) Islands,2024-03-03
ACC0853,"Molina, Benton and Mendoza",Telecom,SMB,Iraq,2023-12-31
ACC0854,Sanchez-Peterson,Technology,Enterprise,Korea,2023-09-04
ACC0855,"Mills, Steele and Gonzales",Telecom,SMB,Martinique,2023-11-30
ACC0856,"Rodriguez, Powell and West",Manufacturing,Mid-Market,Tokelau,2024-05-25
ACC0857,Williams-Donovan,Retail,Mid-Market,Ireland,2026-03-17
ACC0858,Smith-Brown,Healthcare,Enterprise,Senegal,2024-03-03
ACC0859,"Jackson, Simpson and Hughes",Healthcare,Mid-Market,Nicaragua,2023-09-02
ACC0860,"Moore, Walker and Garcia",Telecom,Mid-Market,Brunei Darussalam,2023-07-10
ACC0861,Ingram Ltd,Banking,SMB,Guadeloupe,2026-05-12
ACC0862,Sandoval LLC,Technology,Enterprise,Australia,2025-08-12
ACC0863,"Patrick, Shelton and Mathis",Manufacturing,Enterprise,Sudan,2023-07-06
ACC0864,Preston-Carrillo,Banking,Enterprise,Uruguay,2023-10-01
ACC0865,Watts-Sloan,Telecom,Enterprise,Western Sahara,2024-08-27
ACC0866,Nunez Group,Healthcare,Mid-Market,Bahamas,2024-04-05
ACC0867,Boone PLC,Telecom,Mid-Market,Reunion,2025-07-14
ACC0868,Daniel Inc,Retail,SMB,Uzbekistan,2024-11-30
ACC0869,Barajas PLC,Retail,Mid-Market,Solomon Islands,2025-01-05
ACC0870,Wright LLC,Healthcare,Enterprise,Guinea,2026-02-02
ACC0871,"Moore, King and Parrish",Banking,Enterprise,Croatia,2024-04-22
ACC0872,"Johnston, Mullins and Scott",Healthcare,Mid-Market,United States Virgin Islands,2024-04-10
ACC0873,"Ray, Shelton and Miller",Technology,Mid-Market,Mauritania,2025-04-13
ACC0874,"Kelley, Mata and Parrish",Telecom,SMB,Liechtenstein,2026-06-16
ACC0875,Moore Group,Banking,Mid-Market,Turkey,2023-07-10
ACC0876,Smith-Collier,Banking,SMB,Malawi,2025-11-22
ACC0877,Bean-Foster,Healthcare,Enterprise,Comoros,2025-02-04
ACC0878,"Khan, Bauer and Myers",Manufacturing,Mid-Market,Haiti,2023-10-09
ACC0879,"Mendez, Brooks and Stewart",Banking,Enterprise,Madagascar,2026-02-23
ACC0880,Christian-Dominguez,Technology,Enterprise,Micronesia,2023-11-23
ACC0881,Wall-Johnson,Healthcare,Enterprise,Hungary,2024-08-18
ACC0882,Higgins-Prince,Manufacturing,Mid-Market,Niger,2024-07-13
ACC0883,White PLC,Healthcare,Mid-Market,Gabon,2025-11-19
ACC0884,Myers Group,Technology,Enterprise,Faroe Islands,2024-10-19
ACC0885,Howard PLC,Retail,SMB,French Southern Territories,2024-10-19
ACC0886,Silva LLC,Retail,Enterprise,Falkland Islands (Malvinas),2024-06-05
ACC0887,Bell-Ali,Manufacturing,Mid-Market,Sri Lanka,2024-07-31
ACC0888,"Fernandez, Williams and Gray",Banking,SMB,Zimbabwe,2025-12-28
ACC0889,Fritz-Sullivan,Manufacturing,SMB,Serbia,2025-02-24
ACC0890,"Gonzalez, Hansen and Brown",Banking,SMB,Estonia,2025-01-19
ACC0891,Tran-Alexander,Healthcare,Enterprise,Ethiopia,2023-10-25
ACC0892,Hill LLC,Retail,SMB,Niger,2023-10-19
ACC0893,"Hester, Alvarez and Reese",Technology,Mid-Market,Philippines,2025-08-17
ACC0894,Johnson LLC,Technology,Mid-Market,Italy,2026-04-26
ACC0895,Martin-Grant,Technology,Mid-Market,Madagascar,2024-03-03
ACC0896,Snyder-Fisher,Banking,Mid-Market,Saint Pierre and Miquelon,2026-02-02
ACC0897,"Thompson, Becker and Adams",Banking,Mid-Market,Isle of Man,2026-06-02
ACC0898,Ford-Olson,Telecom,SMB,Niger,2025-09-14
ACC0899,Collier-Ruiz,Retail,Mid-Market,Brazil,2025-02-27
ACC0900,Ferguson Ltd,Technology,Mid-Market,Kazakhstan,2025-11-11
ACC0901,Cole-Brown,Technology,Mid-Market,Suriname,2024-08-06
ACC0902,Bender-Hudson,Manufacturing,SMB,Chad,2026-05-02
ACC0903,"Fowler, Martin and Torres",Retail,SMB,Estonia,2023-09-24
ACC0904,Sanders Ltd,Healthcare,Enterprise,Portugal,2024-02-29
ACC0905,Bennett-Burns,Retail,Enterprise,Sierra Leone,2026-02-19
ACC0906,Morris-Knight,Manufacturing,Mid-Market,Libyan Arab Jamahiriya,2024-04-08
ACC0907,"Sanchez, Murphy and Riley",Banking,Mid-Market,Equatorial Guinea,2026-01-21
ACC0908,Lowe-Barnes,Banking,Enterprise,Vietnam,2024-09-18
ACC0909,"Butler, Long and Lopez",Retail,Mid-Market,Argentina,2023-08-27
ACC0910,Potter-Collins,Telecom,Mid-Market,Bahamas,2024-06-30
ACC0911,Finley-Brown,Manufacturing,Mid-Market,Costa Rica,2025-08-12
ACC0912,Owens Inc,Manufacturing,Enterprise,Rwanda,2023-11-21
ACC0913,Vaughn Inc,Banking,SMB,Sudan,2026-04-10
ACC0914,Tanner-Ramirez,Technology,SMB,India,2026-03-10
ACC0915,"Miller, Osborne and Calderon",Banking,Enterprise,Bangladesh,2024-01-09
ACC0916,Fischer-Kent,Healthcare,Mid-Market,Hong Kong,2025-04-04
ACC0917,"Sharp, Jones and Miller",Telecom,SMB,Andorra,2025-06-05
ACC0918,Fisher-White,Manufacturing,Enterprise,Switzerland,2024-02-29
ACC0919,"Berry, Gregory and Hunter",Technology,Enterprise,United Kingdom,2024-04-16
ACC0920,Rogers-Mckenzie,Healthcare,Enterprise,Barbados,2024-07-18
ACC0921,"Guerrero, Rice and Keller",Manufacturing,SMB,Jordan,2023-11-15
ACC0922,Roberts-Taylor,Manufacturing,SMB,Suriname,2023-08-12
ACC0923,Gardner-Garcia,Technology,Enterprise,Marshall Islands,2024-09-03
ACC0924,Young-Nelson,Telecom,Mid-Market,Central African Republic,2023-10-22
ACC0925,"Price, Roth and Jenkins",Retail,SMB,Argentina,2025-06-04
ACC0926,Mccoy Group,Banking,Mid-Market,Mali,2025-02-17
ACC0927,King-Rodriguez,Telecom,SMB,Madagascar,2024-03-14
ACC0928,Hernandez-Donaldson,Telecom,SMB,Namibia,2023-11-15
ACC0929,"Jones, Olson and Mathis",Banking,Mid-Market,Anguilla,2026-02-28
ACC0930,Baker Inc,Telecom,Mid-Market,Saint Lucia,2024-04-07
ACC0931,"Fisher, Edwards and Young",Manufacturing,Mid-Market,Tuvalu,2023-10-18
ACC0932,Williams Group,Technology,Mid-Market,Fiji,2024-10-09
ACC0933,Garrett-Garcia,Retail,SMB,United Kingdom,2024-09-11
ACC0934,Ward-Rollins,Healthcare,Mid-Market,Norway,2025-12-13
ACC0935,Davis Ltd,Banking,Enterprise,Spain,2023-06-26
ACC0936,Orozco-Roberts,Healthcare,SMB,Guam,2025-11-25
ACC0937,Hunt-Wagner,Technology,Mid-Market,Congo,2023-06-26
ACC0938,"Rogers, Austin and Richards",Retail,Mid-Market,Syrian Arab Republic,2026-03-19
ACC0939,Ferrell Inc,Technology,Enterprise,Palau,2024-03-23
ACC0940,Adams-Moore,Healthcare,Mid-Market,Senegal,2025-06-18
ACC0941,Cruz-Garza,Technology,SMB,Guatemala,2023-10-22
ACC0942,"Robbins, Benson and Rogers",Technology,SMB,Sao Tome and Principe,2025-04-07
ACC0943,Clarke Inc,Banking,SMB,Gabon,2024-03-02
ACC0944,Daniels-Garza,Retail,Mid-Market,Botswana,2024-04-14
ACC0945,Wright-Henderson,Banking,SMB,Swaziland,2025-09-12
ACC0946,Andrews-Austin,Telecom,Enterprise,Antarctica (the territory South of 60 deg S),2023-12-03
ACC0947,"Smith, Valdez and Martinez",Retail,SMB,Malta,2024-05-20
ACC0948,Fox Ltd,Telecom,Enterprise,Micronesia,2024-08-27
ACC0949,"Garcia, Bass and Rivera",Healthcare,SMB,Angola,2025-06-28
ACC0950,Holland-Jones,Retail,SMB,Switzerland,2024-11-27
ACC0951,"Sheppard, Ward and Myers",Manufacturing,Enterprise,Kenya,2024-04-04
ACC0952,Chambers PLC,Retail,Enterprise,Philippines,2025-04-27
ACC0953,Lopez-Sandoval,Healthcare,SMB,Papua New Guinea,2026-02-01
ACC0954,Rogers-Callahan,Technology,SMB,Northern Mariana Islands,2023-06-29
ACC0955,"Lewis, Turner and Jones",Telecom,Enterprise,Congo,2025-08-29
ACC0956,Reed PLC,Technology,Enterprise,United States Virgin Islands,2024-10-18
ACC0957,Holloway-Lee,Telecom,Mid-Market,Yemen,2025-05-14
ACC0958,Peters-White,Retail,SMB,Hong Kong,2025-01-23
ACC0959,Hall-Lamb,Banking,SMB,Niue,2024-10-14
ACC0960,Turner PLC,Manufacturing,Mid-Market,Latvia,2026-05-26
ACC0961,Caldwell-Sims,Healthcare,Mid-Market,Slovenia,2025-12-05
ACC0962,Reynolds-Brown,Retail,Mid-Market,Moldova,2023-10-18
ACC0963,Evans-Reese,Healthcare,SMB,Svalbard & Jan Mayen Islands,2025-05-25
ACC0964,"Jones, Kennedy and Miller",Banking,Enterprise,Slovenia,2024-05-16
ACC0965,Snyder-Fleming,Telecom,SMB,Malta,2024-09-29
ACC0966,Walsh LLC,Healthcare,Enterprise,Bangladesh,2025-11-12
ACC0967,Johnson-Butler,Healthcare,Enterprise,Holy See (Vatican City State),2023-10-10
ACC0968,Browning-Garcia,Banking,SMB,Reunion,2024-05-19
ACC0969,Santos Ltd,Retail,Mid-Market,Burundi,2024-11-04
ACC0970,"Crane, Lambert and Christensen",Healthcare,SMB,San Marino,2026-03-12
ACC0971,"Rubio, Livingston and Sanders",Telecom,SMB,Liberia,2024-12-11
ACC0972,"Brown, Kennedy and Romero",Manufacturing,Mid-Market,Zambia,2025-06-04
ACC0973,"Page, Morgan and Hanson",Technology,SMB,Uruguay,2025-08-04
ACC0974,Wilson-Cabrera,Telecom,Enterprise,Bahrain,2026-01-25
ACC0975,Wade Ltd,Healthcare,Mid-Market,Cook Islands,2023-12-02
ACC0976,Case-Frank,Telecom,SMB,North Macedonia,2024-09-27
ACC0977,"Mcintyre, Morales and Price",Telecom,Mid-Market,Dominica,2026-04-14
ACC0978,Maxwell-Oconnor,Manufacturing,SMB,Bosnia and Herzegovina,2023-11-14
ACC0979,Harris-Salazar,Telecom,Enterprise,Kenya,2024-03-18
ACC0980,"Wilson, Russell and Foster",Healthcare,SMB,United States Minor Outlying Islands,2025-12-05
ACC0981,"Richard, Herrera and Hebert",Retail,SMB,Paraguay,2025-03-22
ACC0982,Mendez-Olson,Healthcare,Enterprise,American Samoa,2025-07-23
ACC0983,"Norman, Mathews and Dodson",Telecom,SMB,Iraq,2025-01-12
ACC0984,Thomas-Norton,Telecom,SMB,Eritrea,2026-01-11
ACC0985,Phillips LLC,Banking,Enterprise,Mongolia,2024-06-19
ACC0986,Gonzalez-Lopez,Telecom,SMB,Portugal,2023-11-28
ACC0987,"Webb, Smith and Lee",Retail,SMB,Latvia,2024-04-27
ACC0988,"Harrison, Murphy and Dunn",Healthcare,Enterprise,Saint Barthelemy,2023-11-03
ACC0989,Schultz LLC,Healthcare,Mid-Market,Pakistan,2025-02-27
ACC0990,"Griffin, Abbott and Clark",Manufacturing,Enterprise,Angola,2024-08-08
ACC0991,"Lewis, Wallace and Fuller",Healthcare,Mid-Market,Bouvet Island (Bouvetoya),2024-10-04
ACC0992,Miranda and Sons,Manufacturing,Enterprise,Liechtenstein,2025-03-14
ACC0993,Chandler PLC,Manufacturing,Enterprise,Kazakhstan,2024-10-28
ACC0994,"Pearson, Thornton and Ali",Technology,Mid-Market,Macao,2024-05-19
ACC0995,"Valentine, Lee and Fitzpatrick",Technology,SMB,Argentina,2026-05-19
ACC0996,"Ross, Petersen and Hart",Banking,SMB,Costa Rica,2023-08-08
ACC0997,"Bowman, Jones and Nguyen",Banking,Enterprise,Grenada,2026-05-05
ACC0998,Berg-Gardner,Telecom,Mid-Market,Yemen,2023-07-25
ACC0999,Hodge-Griffin,Banking,Enterprise,Rwanda,2023-10-03
ACC1000,"Wong, Hall and Kemp",Banking,Mid-Market,British Indian Ocean Territory (Chagos Archipelago),2026-03-26
